{"name":"LoginService","classpathEntries":[{"kind":"binary","path":"C:\\Program Files\\Java\\jdk1.8.0_201\\jre\\lib\\resources.jar","javadocContainerUrl":"https://docs.oracle.com/javase/1/docs/api/","isSystem":true,"isOwn":false,"isTest":false,"isJavaContent":false},{"kind":"binary","path":"C:\\Program Files\\Java\\jdk1.8.0_201\\jre\\lib\\rt.jar","javadocContainerUrl":"https://docs.oracle.com/javase/1/docs/api/","isSystem":true,"isOwn":false,"isTest":false,"isJavaContent":false},{"kind":"binary","path":"C:\\Program Files\\Java\\jdk1.8.0_201\\jre\\lib\\jsse.jar","javadocContainerUrl":"https://docs.oracle.com/javase/1/docs/api/","isSystem":true,"isOwn":false,"isTest":false,"isJavaContent":false},{"kind":"binary","path":"C:\\Program Files\\Java\\jdk1.8.0_201\\jre\\lib\\jce.jar","javadocContainerUrl":"https://docs.oracle.com/javase/1/docs/api/","isSystem":true,"isOwn":false,"isTest":false,"isJavaContent":false},{"kind":"binary","path":"C:\\Program Files\\Java\\jdk1.8.0_201\\jre\\lib\\charsets.jar","javadocContainerUrl":"https://docs.oracle.com/javase/1/docs/api/","isSystem":true,"isOwn":false,"isTest":false,"isJavaContent":false},{"kind":"binary","path":"C:\\Program Files\\Java\\jdk1.8.0_201\\jre\\lib\\jfr.jar","javadocContainerUrl":"https://docs.oracle.com/javase/1/docs/api/","isSystem":true,"isOwn":false,"isTest":false,"isJavaContent":false},{"kind":"binary","path":"C:\\Users\\91983\\.m2\\repository\\org\\springframework\\spring-core\\4.3.20.RELEASE\\spring-core-4.3.20.RELEASE.jar","sourceContainerUrl":"file:/C:/Users/91983/.m2/repository/org/springframework/spring-core/4.3.20.RELEASE/spring-core-4.3.20.RELEASE-sources.jar","javadocContainerUrl":"file:/C:/Users/91983/.m2/repository/org/springframework/spring-core/4.3.20.RELEASE/spring-core-4.3.20.RELEASE-javadoc.jar","isSystem":false,"isOwn":false,"isTest":false,"isJavaContent":false},{"kind":"binary","path":"C:\\Users\\91983\\.m2\\repository\\commons-logging\\commons-logging\\1.2\\commons-logging-1.2.jar","sourceContainerUrl":"file:/C:/Users/91983/.m2/repository/commons-logging/commons-logging/1.2/commons-logging-1.2-sources.jar","javadocContainerUrl":"file:/C:/Users/91983/.m2/repository/commons-logging/commons-logging/1.2/commons-logging-1.2-javadoc.jar","isSystem":false,"isOwn":false,"isTest":false,"isJavaContent":false},{"kind":"binary","path":"C:\\Users\\91983\\.m2\\repository\\org\\springframework\\spring-beans\\4.3.20.RELEASE\\spring-beans-4.3.20.RELEASE.jar","sourceContainerUrl":"file:/C:/Users/91983/.m2/repository/org/springframework/spring-beans/4.3.20.RELEASE/spring-beans-4.3.20.RELEASE-sources.jar","javadocContainerUrl":"file:/C:/Users/91983/.m2/repository/org/springframework/spring-beans/4.3.20.RELEASE/spring-beans-4.3.20.RELEASE-javadoc.jar","isSystem":false,"isOwn":false,"isTest":false,"isJavaContent":false},{"kind":"binary","path":"C:\\Users\\91983\\.m2\\repository\\org\\springframework\\spring-context\\4.3.20.RELEASE\\spring-context-4.3.20.RELEASE.jar","sourceContainerUrl":"file:/C:/Users/91983/.m2/repository/org/springframework/spring-context/4.3.20.RELEASE/spring-context-4.3.20.RELEASE-sources.jar","javadocContainerUrl":"file:/C:/Users/91983/.m2/repository/org/springframework/spring-context/4.3.20.RELEASE/spring-context-4.3.20.RELEASE-javadoc.jar","isSystem":false,"isOwn":false,"isTest":false,"isJavaContent":false},{"kind":"binary","path":"C:\\Users\\91983\\.m2\\repository\\org\\springframework\\spring-expression\\4.3.20.RELEASE\\spring-expression-4.3.20.RELEASE.jar","sourceContainerUrl":"file:/C:/Users/91983/.m2/repository/org/springframework/spring-expression/4.3.20.RELEASE/spring-expression-4.3.20.RELEASE-sources.jar","javadocContainerUrl":"file:/C:/Users/91983/.m2/repository/org/springframework/spring-expression/4.3.20.RELEASE/spring-expression-4.3.20.RELEASE-javadoc.jar","isSystem":false,"isOwn":false,"isTest":false,"isJavaContent":false},{"kind":"binary","path":"C:\\Users\\91983\\.m2\\repository\\org\\springframework\\spring-context-support\\4.3.20.RELEASE\\spring-context-support-4.3.20.RELEASE.jar","sourceContainerUrl":"file:/C:/Users/91983/.m2/repository/org/springframework/spring-context-support/4.3.20.RELEASE/spring-context-support-4.3.20.RELEASE-sources.jar","javadocContainerUrl":"file:/C:/Users/91983/.m2/repository/org/springframework/spring-context-support/4.3.20.RELEASE/spring-context-support-4.3.20.RELEASE-javadoc.jar","isSystem":false,"isOwn":false,"isTest":false,"isJavaContent":false},{"kind":"binary","path":"C:\\Users\\91983\\.m2\\repository\\org\\springframework\\spring-jdbc\\4.3.20.RELEASE\\spring-jdbc-4.3.20.RELEASE.jar","sourceContainerUrl":"file:/C:/Users/91983/.m2/repository/org/springframework/spring-jdbc/4.3.20.RELEASE/spring-jdbc-4.3.20.RELEASE-sources.jar","javadocContainerUrl":"file:/C:/Users/91983/.m2/repository/org/springframework/spring-jdbc/4.3.20.RELEASE/spring-jdbc-4.3.20.RELEASE-javadoc.jar","isSystem":false,"isOwn":false,"isTest":false,"isJavaContent":false},{"kind":"binary","path":"C:\\Users\\91983\\.m2\\repository\\org\\springframework\\spring-tx\\4.3.20.RELEASE\\spring-tx-4.3.20.RELEASE.jar","sourceContainerUrl":"file:/C:/Users/91983/.m2/repository/org/springframework/spring-tx/4.3.20.RELEASE/spring-tx-4.3.20.RELEASE-sources.jar","javadocContainerUrl":"file:/C:/Users/91983/.m2/repository/org/springframework/spring-tx/4.3.20.RELEASE/spring-tx-4.3.20.RELEASE-javadoc.jar","isSystem":false,"isOwn":false,"isTest":false,"isJavaContent":false},{"kind":"binary","path":"C:\\Users\\91983\\.m2\\repository\\org\\springframework\\spring-orm\\4.3.20.RELEASE\\spring-orm-4.3.20.RELEASE.jar","sourceContainerUrl":"file:/C:/Users/91983/.m2/repository/org/springframework/spring-orm/4.3.20.RELEASE/spring-orm-4.3.20.RELEASE-sources.jar","javadocContainerUrl":"file:/C:/Users/91983/.m2/repository/org/springframework/spring-orm/4.3.20.RELEASE/spring-orm-4.3.20.RELEASE-javadoc.jar","isSystem":false,"isOwn":false,"isTest":false,"isJavaContent":false},{"kind":"binary","path":"C:\\Users\\91983\\.m2\\repository\\org\\springframework\\spring-web\\4.3.20.RELEASE\\spring-web-4.3.20.RELEASE.jar","sourceContainerUrl":"file:/C:/Users/91983/.m2/repository/org/springframework/spring-web/4.3.20.RELEASE/spring-web-4.3.20.RELEASE-sources.jar","javadocContainerUrl":"file:/C:/Users/91983/.m2/repository/org/springframework/spring-web/4.3.20.RELEASE/spring-web-4.3.20.RELEASE-javadoc.jar","isSystem":false,"isOwn":false,"isTest":false,"isJavaContent":false},{"kind":"binary","path":"C:\\Users\\91983\\.m2\\repository\\org\\springframework\\spring-webmvc\\4.3.20.RELEASE\\spring-webmvc-4.3.20.RELEASE.jar","sourceContainerUrl":"file:/C:/Users/91983/.m2/repository/org/springframework/spring-webmvc/4.3.20.RELEASE/spring-webmvc-4.3.20.RELEASE-sources.jar","javadocContainerUrl":"file:/C:/Users/91983/.m2/repository/org/springframework/spring-webmvc/4.3.20.RELEASE/spring-webmvc-4.3.20.RELEASE-javadoc.jar","isSystem":false,"isOwn":false,"isTest":false,"isJavaContent":false},{"kind":"binary","path":"C:\\Users\\91983\\.m2\\repository\\org\\springframework\\spring-aop\\4.3.20.RELEASE\\spring-aop-4.3.20.RELEASE.jar","sourceContainerUrl":"file:/C:/Users/91983/.m2/repository/org/springframework/spring-aop/4.3.20.RELEASE/spring-aop-4.3.20.RELEASE-sources.jar","javadocContainerUrl":"file:/C:/Users/91983/.m2/repository/org/springframework/spring-aop/4.3.20.RELEASE/spring-aop-4.3.20.RELEASE-javadoc.jar","isSystem":false,"isOwn":false,"isTest":false,"isJavaContent":false},{"kind":"binary","path":"C:\\Users\\91983\\.m2\\repository\\org\\aspectj\\aspectjrt\\1.8.13\\aspectjrt-1.8.13.jar","sourceContainerUrl":"file:/C:/Users/91983/.m2/repository/org/aspectj/aspectjrt/1.8.13/aspectjrt-1.8.13-sources.jar","javadocContainerUrl":"file:/C:/Users/91983/.m2/repository/org/aspectj/aspectjrt/1.8.13/aspectjrt-1.8.13-javadoc.jar","isSystem":false,"isOwn":false,"isTest":false,"isJavaContent":false},{"kind":"binary","path":"C:\\Users\\91983\\.m2\\repository\\org\\aspectj\\aspectjweaver\\1.8.13\\aspectjweaver-1.8.13.jar","sourceContainerUrl":"file:/C:/Users/91983/.m2/repository/org/aspectj/aspectjweaver/1.8.13/aspectjweaver-1.8.13-sources.jar","javadocContainerUrl":"file:/C:/Users/91983/.m2/repository/org/aspectj/aspectjweaver/1.8.13/aspectjweaver-1.8.13-javadoc.jar","isSystem":false,"isOwn":false,"isTest":false,"isJavaContent":false},{"kind":"binary","path":"C:\\Users\\91983\\.m2\\repository\\mysql\\mysql-connector-java\\8.0.13\\mysql-connector-java-8.0.13.jar","sourceContainerUrl":"file:/C:/Users/91983/.m2/repository/mysql/mysql-connector-java/8.0.13/mysql-connector-java-8.0.13-sources.jar","isSystem":false,"isOwn":false,"isTest":false,"isJavaContent":false},{"kind":"binary","path":"C:\\Users\\91983\\.m2\\repository\\com\\google\\protobuf\\protobuf-java\\3.6.1\\protobuf-java-3.6.1.jar","sourceContainerUrl":"file:/C:/Users/91983/.m2/repository/com/google/protobuf/protobuf-java/3.6.1/protobuf-java-3.6.1-sources.jar","javadocContainerUrl":"file:/C:/Users/91983/.m2/repository/com/google/protobuf/protobuf-java/3.6.1/protobuf-java-3.6.1-javadoc.jar","isSystem":false,"isOwn":false,"isTest":false,"isJavaContent":false},{"kind":"binary","path":"C:\\Users\\91983\\.m2\\repository\\jstl\\jstl\\1.2\\jstl-1.2.jar","isSystem":false,"isOwn":false,"isTest":false,"isJavaContent":false},{"kind":"source","path":"C:\\Users\\91983\\Documents\\My_Project\\LoginService\\src","outputFolder":"C:\\Users\\91983\\Documents\\My_Project\\LoginService\\target\\classes","javadocContainerUrl":"file:/C:/Users/91983/Documents/My_Project/LoginService/target/site/apidocs","isSystem":false,"isOwn":true,"isTest":false,"isJavaContent":true},{"kind":"source","path":"C:\\Users\\91983\\Documents\\My_Project\\LoginService\\src\\main\\resources","outputFolder":"C:\\Users\\91983\\Documents\\My_Project\\LoginService\\target\\classes","isSystem":false,"isOwn":true,"isTest":false,"isJavaContent":false},{"kind":"source","path":"C:\\Users\\91983\\Documents\\My_Project\\LoginService\\src\\test\\resources","outputFolder":"C:\\Users\\91983\\Documents\\My_Project\\LoginService\\target\\test-classes","isSystem":false,"isOwn":true,"isTest":true,"isJavaContent":false},{"kind":"source","path":"C:\\Users\\91983\\Documents\\My_Project\\LoginService\\src\\test\\java","outputFolder":"C:\\Users\\91983\\Documents\\My_Project\\LoginService\\target\\test-classes","javadocContainerUrl":"file:/C:/Users/91983/Documents/My_Project/LoginService/target/site/apidocs","isSystem":false,"isOwn":true,"isTest":false,"isJavaContent":false}]}